,Unnamed: 0,0,1,2,deviation,strategy_prediction
714,714,0.9,1.1,2.9,2.1,True
46,46,0.5,0.9,2.5,2.1,True
64,64,0.5,1.1,2.5,2.1,True
371,371,0.7,0.9,2.7,2.1,True
696,696,0.9,0.9,2.9,2.1,True
389,389,0.7,1.1,2.7,2.1000000000000005,True
82,82,0.5,1.3,2.5,2.3,True
441,441,0.7,1.7,2.3,2.3,True
732,732,0.9,1.3,2.9,2.3,True
697,697,0.9,0.9,3.1,2.3,True
766,766,0.9,1.7,2.5,2.3,True
372,372,0.7,0.9,2.9,2.3,True
424,424,0.7,1.5,2.5,2.3,True
1056,1056,1.1,1.3,2.9,2.3,True
390,390,0.7,1.1,2.9,2.3,True
99,99,0.5,1.5,2.3,2.3,True
1039,1039,1.1,1.1,3.1,2.3000000000000003,True
407,407,0.7,1.3,2.7,2.3000000000000003,True
65,65,0.5,1.1,2.7,2.3000000000000003,True
1021,1021,1.1,0.9,3.1,2.3000000000000003,True
47,47,0.5,0.9,2.7,2.3000000000000003,True
749,749,0.9,1.5,2.7,2.3000000000000003,True
715,715,0.9,1.1,3.1,2.3000000000000003,True
117,117,0.5,1.7,2.3,2.5,True
373,373,0.7,0.9,3.1,2.5,True
354,354,0.7,0.7,2.9,2.5,True
391,391,0.7,1.1,3.1,2.5,True
1022,1022,1.1,0.9,3.3,2.5,True
733,733,0.9,1.3,3.1,2.5,True
716,716,0.9,1.1,3.3,2.5,True
134,134,0.5,1.9,2.1,2.5,True
100,100,0.5,1.5,2.5,2.5,True
750,750,0.9,1.5,2.9,2.5,True
767,767,0.9,1.7,2.7,2.5,True
784,784,0.9,1.9,2.5,2.5,True
408,408,0.7,1.3,2.9,2.5,True
801,801,0.9,2.1,2.3,2.5,True
151,151,0.5,2.1,1.9,2.5,True
29,29,0.5,0.7,2.7,2.5,True
476,476,0.7,2.1,2.1,2.5,True
679,679,0.9,0.7,3.1,2.5,True
1057,1057,1.1,1.3,3.1,2.5,True
1074,1074,1.1,1.5,2.9,2.5,True
459,459,0.7,1.9,2.3,2.5,True
48,48,0.5,0.9,2.9,2.5,True
66,66,0.5,1.1,2.9,2.5,True
442,442,0.7,1.7,2.5,2.5,True
1040,1040,1.1,1.1,3.3,2.5,True
425,425,0.7,1.5,2.7,2.5,True
83,83,0.5,1.3,2.7,2.5,True
698,698,0.9,0.9,3.3,2.5,True
1091,1091,1.1,1.7,2.7,2.5,True
819,819,0.9,2.3,2.3,2.7,True
220,220,0.5,2.9,1.3,2.7,True
836,836,0.9,2.5,2.1,2.7,True
1109,1109,1.1,1.9,2.7,2.7,True
1092,1092,1.1,1.7,2.9,2.7,True
853,853,0.9,2.7,1.9,2.7,True
1058,1058,1.1,1.3,3.3,2.7,True
870,870,0.9,2.9,1.7,2.7,True
887,887,0.9,3.1,1.5,2.7,True
237,237,0.5,3.1,1.1,2.7,True
1023,1023,1.1,0.9,3.5,2.7,True
904,904,0.9,3.3,1.3,2.7,True
921,921,0.9,3.5,1.1,2.7,True
1041,1041,1.1,1.1,3.5,2.7,True
1075,1075,1.1,1.5,3.1,2.7,True
11,11,0.5,0.5,2.7,2.7,True
374,374,0.7,0.9,3.3,2.7,True
785,785,0.9,1.9,2.7,2.7,True
528,528,0.7,2.7,1.7,2.7,True
545,545,0.7,2.9,1.5,2.7,True
562,562,0.7,3.1,1.3,2.7,True
579,579,0.7,3.3,1.1,2.7,True
511,511,0.7,2.5,1.9,2.7,True
494,494,0.7,2.3,2.1,2.7,True
661,661,0.9,0.5,3.1,2.7,True
477,477,0.7,2.1,2.3,2.7,True
680,680,0.9,0.7,3.3,2.7,True
460,460,0.7,1.9,2.5,2.7,True
802,802,0.9,2.1,2.5,2.7,True
443,443,0.7,1.7,2.7,2.7,True
426,426,0.7,1.5,2.9,2.7,True
409,409,0.7,1.3,3.1,2.7,True
392,392,0.7,1.1,3.3,2.7,True
717,717,0.9,1.1,3.5,2.7,True
1126,1126,1.1,2.1,2.5,2.7,True
355,355,0.7,0.7,3.1,2.7,True
734,734,0.9,1.3,3.3,2.7,True
336,336,0.7,0.5,2.9,2.7,True
751,751,0.9,1.5,3.1,2.7,True
768,768,0.9,1.7,2.9,2.7,True
699,699,0.9,0.9,3.5,2.7,True
203,203,0.5,2.7,1.5,2.7,True
1004,1004,1.1,0.7,3.3,2.7,True
135,135,0.5,1.9,2.3,2.7,True
101,101,0.5,1.5,2.7,2.7,True
84,84,0.5,1.3,2.9,2.7,True
186,186,0.5,2.5,1.7,2.7,True
67,67,0.5,1.1,3.1,2.7,True
118,118,0.5,1.7,2.5,2.7,True
152,152,0.5,2.1,2.1,2.7,True
1364,1364,1.3,1.1,3.3,2.7,True
1346,1346,1.3,0.9,3.3,2.7,True
49,49,0.5,0.9,3.1,2.7,True
1381,1381,1.3,1.3,3.1,2.7,True
30,30,0.5,0.7,2.9,2.7,True
169,169,0.5,2.3,1.9,2.7,True
580,580,0.7,3.3,1.3,2.8999999999999995,True
495,495,0.7,2.3,2.3,2.8999999999999995,True
50,50,0.5,0.9,3.3,2.9,True
905,905,0.9,3.3,1.5,2.9,True
444,444,0.7,1.7,2.9,2.9,True
68,68,0.5,1.1,3.3,2.9,True
170,170,0.5,2.3,2.1,2.9,True
255,255,0.5,3.3,1.1,2.9,True
529,529,0.7,2.7,1.9,2.9,True
769,769,0.9,1.7,3.1,2.9,True
871,871,0.9,2.9,1.9,2.9,True
254,254,0.5,3.3,0.9,2.9,True
1347,1347,1.3,0.9,3.5,2.9,True
102,102,0.5,1.5,2.9,2.9,True
837,837,0.9,2.5,2.3,2.9,True
375,375,0.7,0.9,3.5,2.9,True
820,820,0.9,2.3,2.5,2.9,True
153,153,0.5,2.1,2.3,2.9,True
786,786,0.9,1.9,2.9,2.9,True
356,356,0.7,0.7,3.3,2.9,True
1416,1416,1.3,1.7,2.9,2.9,True
752,752,0.9,1.5,3.3,2.9,True
1382,1382,1.3,1.3,3.3,2.9,True
136,136,0.5,1.9,2.5,2.9,True
735,735,0.9,1.3,3.5,2.9,True
410,410,0.7,1.3,3.3,2.9,True
681,681,0.9,0.7,3.5,2.9,True
986,986,1.1,0.5,3.3,2.9,True
597,597,0.7,3.5,1.1,2.9,True
596,596,0.7,3.5,0.9,2.9,True
221,221,0.5,2.9,1.5,2.9,True
1229,1229,1.1,3.3,1.5,2.9,True
187,187,0.5,2.5,1.9,2.9,True
1076,1076,1.1,1.5,3.3,2.9,True
1110,1110,1.1,1.9,2.9,2.9,True
1161,1161,1.1,2.5,2.3,2.9,True
662,662,0.9,0.5,3.3,2.9,True
1144,1144,1.1,2.3,2.5,2.9,True
1195,1195,1.1,2.9,1.9,2.9,True
12,12,0.5,0.5,2.9,2.9,True
718,718,0.9,1.1,3.7,2.9000000000000004,True
85,85,0.5,1.3,3.1,2.9000000000000004,True
888,888,0.9,3.1,1.7,2.9000000000000004,True
1399,1399,1.3,1.5,3.1,2.9000000000000004,True
1178,1178,1.1,2.7,2.1,2.9000000000000004,True
1212,1212,1.1,3.1,1.7,2.9000000000000004,True
393,393,0.7,1.1,3.5,2.9000000000000004,True
854,854,0.9,2.7,2.1,2.9000000000000004,True
204,204,0.5,2.7,1.7,2.9000000000000004,True
512,512,0.7,2.5,2.1,2.9000000000000004,True
1127,1127,1.1,2.1,2.7,2.9000000000000004,True
803,803,0.9,2.1,2.7,2.9000000000000004,True
1093,1093,1.1,1.7,3.1,2.9000000000000004,True
563,563,0.7,3.1,1.5,2.9000000000000004,True
119,119,0.5,1.7,2.7,2.9000000000000004,True
546,546,0.7,2.9,1.7,2.9000000000000004,True
1365,1365,1.3,1.1,3.5,2.9000000000000004,True
427,427,0.7,1.5,3.1,2.9000000000000004,True
1042,1042,1.1,1.1,3.7,2.9000000000000004,True
337,337,0.7,0.5,3.1,2.9000000000000004,True
1005,1005,1.1,0.7,3.5,2.9000000000000004,True
922,922,0.9,3.5,1.3,2.9000000000000004,True
1059,1059,1.1,1.3,3.5,2.9000000000000004,True
1246,1246,1.1,3.5,1.3,2.9000000000000004,True
478,478,0.7,2.1,2.5,2.9000000000000004,True
1263,1263,1.1,3.7,1.1,2.9000000000000004,True
238,238,0.5,3.1,1.3,2.9000000000000004,True
700,700,0.9,0.9,3.7,2.9000000000000004,True
1024,1024,1.1,0.9,3.7,2.9000000000000004,True
31,31,0.5,0.7,3.1,2.9000000000000004,True
938,938,0.9,3.7,0.9,2.9000000000000004,True
939,939,0.9,3.7,1.1,2.9000000000000004,True
461,461,0.7,1.9,2.7,2.9000000000000004,True
13,13,0.5,0.5,3.1,3.1,True
1400,1400,1.3,1.5,3.3,3.1,True
1671,1671,1.5,0.9,3.5,3.1,True
357,357,0.7,0.7,3.5,3.1,True
719,719,0.9,1.1,3.9,3.1,True
682,682,0.9,0.7,3.7,3.1,True
1689,1689,1.5,1.1,3.5,3.1,True
1383,1383,1.3,1.3,3.5,3.1,True
462,462,0.7,1.9,2.9,3.1,True
547,547,0.7,2.9,1.9,3.1,True
338,338,0.7,0.5,3.3,3.1,True
663,663,0.9,0.5,3.5,3.1,True
428,428,0.7,1.5,3.3,3.1,True
513,513,0.7,2.5,2.3,3.1,True
701,701,0.9,0.9,3.9,3.1,True
496,496,0.7,2.3,2.5,3.1,True
86,86,0.5,1.3,3.3,3.1,True
411,411,0.7,1.3,3.5,3.1,True
598,598,0.7,3.5,1.3,3.1,True
32,32,0.5,0.7,3.3,3.1,True
69,69,0.5,1.1,3.5,3.1,True
120,120,0.5,1.7,2.9,3.1,True
1706,1706,1.5,1.3,3.3,3.1,True
51,51,0.5,0.9,3.5,3.1,True
103,103,0.5,1.5,3.1,3.1,True
581,581,0.7,3.3,1.5,3.1,True
1434,1434,1.3,1.9,2.9,3.1,True
376,376,0.7,0.9,3.7,3.1,True
614,614,0.7,3.7,0.9,3.1,True
1417,1417,1.3,1.7,3.1,3.1,True
445,445,0.7,1.7,3.1,3.1,True
615,615,0.7,3.7,1.1,3.1,True
1196,1196,1.1,2.9,2.1,3.1,True
530,530,0.7,2.7,2.1,3.1,True
1329,1329,1.3,0.7,3.5,3.1,True
906,906,0.9,3.3,1.7,3.1,True
1111,1111,1.1,1.9,3.1,3.1,True
222,222,0.5,2.9,1.7,3.1,True
923,923,0.9,3.5,1.5,3.1,True
188,188,0.5,2.5,2.1,3.1,True
273,273,0.5,3.5,1.1,3.1,True
272,272,0.5,3.5,0.9,3.1,True
956,956,0.9,3.9,0.9,3.1,True
957,957,0.9,3.9,1.1,3.1,True
889,889,0.9,3.1,1.9,3.1,True
1094,1094,1.1,1.7,3.3,3.1,True
987,987,1.1,0.5,3.5,3.1,True
1077,1077,1.1,1.5,3.5,3.1,True
1230,1230,1.1,3.3,1.7,3.1,True
256,256,0.5,3.3,1.3,3.1,True
1025,1025,1.1,0.9,3.9,3.1,True
171,171,0.5,2.3,2.3,3.1,True
1281,1281,1.1,3.9,1.1,3.1,True
1280,1280,1.1,3.9,0.9,3.1,True
1043,1043,1.1,1.1,3.9,3.1,True
1247,1247,1.1,3.5,1.5,3.1,True
736,736,0.9,1.3,3.7,3.1,True
1213,1213,1.1,3.1,1.9,3.1,True
239,239,0.5,3.1,1.5,3.1,True
154,154,0.5,2.1,2.5,3.1,True
205,205,0.5,2.7,1.9,3.1,True
787,787,0.9,1.9,3.1,3.1,True
804,804,0.9,2.1,2.9,3.1,True
1128,1128,1.1,2.1,2.9,3.1,True
821,821,0.9,2.3,2.7,3.1,True
1179,1179,1.1,2.7,2.3,3.1,True
753,753,0.9,1.5,3.5,3.1,True
1162,1162,1.1,2.5,2.5,3.1,True
1145,1145,1.1,2.3,2.7,3.1,True
770,770,0.9,1.7,3.3,3.1,True
137,137,0.5,1.9,2.7,3.1,True
838,838,0.9,2.5,2.5,3.1,True
1348,1348,1.3,0.9,3.7,3.1,True
855,855,0.9,2.7,2.3,3.1,True
872,872,0.9,2.9,2.1,3.1,True
1264,1264,1.1,3.7,1.3,3.1000000000000005,True
479,479,0.7,2.1,2.7,3.1000000000000005,True
1060,1060,1.1,1.3,3.7,3.1000000000000005,True
394,394,0.7,1.1,3.7,3.1000000000000005,True
1006,1006,1.1,0.7,3.7,3.1000000000000005,True
1451,1451,1.3,2.1,2.7,3.1000000000000005,True
1366,1366,1.3,1.1,3.7,3.1000000000000005,True
564,564,0.7,3.1,1.7,3.1000000000000005,True
940,940,0.9,3.7,1.3,3.1000000000000005,True
531,531,0.7,2.7,2.3,3.3,True
1707,1707,1.5,1.3,3.5,3.3,True
613,613,0.7,3.7,0.7,3.3,True
1146,1146,1.1,2.3,2.9,3.3,True
1741,1741,1.5,1.7,3.1,3.3,True
599,599,0.7,3.5,1.5,3.3,True
1095,1095,1.1,1.7,3.5,3.3,True
1724,1724,1.5,1.5,3.3,3.3,True
582,582,0.7,3.3,1.7,3.3,True
1061,1061,1.1,1.3,3.9,3.3,True
1112,1112,1.1,1.9,3.3,3.3,True
737,737,0.9,1.3,3.9,3.3,True
1248,1248,1.1,3.5,1.7,3.3,True
1401,1401,1.3,1.5,3.5,3.3,True
1367,1367,1.3,1.1,3.9,3.3,True
1197,1197,1.1,2.9,2.3,3.3,True
771,771,0.9,1.7,3.5,3.3,True
788,788,0.9,1.9,3.3,3.3,True
822,822,0.9,2.3,2.9,3.3,True
1418,1418,1.3,1.7,3.3,3.3,True
1349,1349,1.3,0.9,3.9,3.3,True
1435,1435,1.3,1.9,3.1,3.3,True
1452,1452,1.3,2.1,2.9,3.3,True
1469,1469,1.3,2.3,2.7,3.3,True
616,616,0.7,3.7,1.3,3.3,True
873,873,0.9,2.9,2.3,3.3,True
1486,1486,1.3,2.5,2.5,3.3,True
1503,1503,1.3,2.7,2.3,3.3,True
1311,1311,1.3,0.5,3.5,3.3,True
924,924,0.9,3.5,1.7,3.3,True
955,955,0.9,3.9,0.7,3.3,True
1554,1554,1.3,3.3,1.7,3.3,True
1571,1571,1.3,3.5,1.5,3.3,True
683,683,0.9,0.7,3.9,3.3,True
1588,1588,1.3,3.7,1.3,3.3,True
1007,1007,1.1,0.7,3.9,3.3,True
1282,1282,1.1,3.9,1.3,3.3,True
907,907,0.9,3.3,1.9,3.3,True
958,958,0.9,3.9,1.3,3.3,True
1231,1231,1.1,3.3,1.9,3.3,True
497,497,0.7,2.3,2.7,3.3,True
514,514,0.7,2.5,2.5,3.3,True
87,87,0.5,1.3,3.5,3.3,True
172,172,0.5,2.3,2.5,3.3,True
14,14,0.5,0.5,3.3,3.3,True
189,189,0.5,2.5,2.3,3.3,True
257,257,0.5,3.3,1.5,3.3,True
33,33,0.5,0.7,3.5,3.3,True
240,240,0.5,3.1,1.7,3.3,True
223,223,0.5,2.9,1.9,3.3,True
339,339,0.7,0.5,3.5,3.3,True
377,377,0.7,0.9,3.9,3.3,True
395,395,0.7,1.1,3.9,3.3,True
429,429,0.7,1.5,3.5,3.3,True
480,480,0.7,2.1,2.9,3.3,True
446,446,0.7,1.7,3.3,3.3,True
104,104,0.5,1.5,3.3,3.3,True
121,121,0.5,1.7,3.1,3.3,True
463,463,0.7,1.9,3.1,3.3,True
274,274,0.5,3.5,1.3,3.3,True
138,138,0.5,1.9,2.9,3.3,True
271,271,0.5,3.5,0.7,3.3,True
1330,1330,1.3,0.7,3.7,3.3000000000000003,True
988,988,1.1,0.5,3.7,3.3000000000000003,True
633,633,0.7,3.9,1.1,3.3000000000000003,True
548,548,0.7,2.9,2.1,3.3000000000000003,True
70,70,0.5,1.1,3.7,3.3000000000000003,True
632,632,0.7,3.9,0.9,3.3000000000000003,True
856,856,0.9,2.7,2.5,3.3000000000000003,True
52,52,0.5,0.9,3.7,3.3000000000000003,True
290,290,0.5,3.7,0.9,3.3000000000000003,True
754,754,0.9,1.5,3.7,3.3000000000000003,True
839,839,0.9,2.5,2.7,3.3000000000000003,True
1520,1520,1.3,2.9,2.1,3.3000000000000003,True
1180,1180,1.1,2.7,2.5,3.3000000000000003,True
1537,1537,1.3,3.1,1.9,3.3000000000000003,True
1690,1690,1.5,1.1,3.7,3.3000000000000003,True
1129,1129,1.1,2.1,3.1,3.3000000000000003,True
805,805,0.9,2.1,3.1,3.3000000000000003,True
1265,1265,1.1,3.7,1.5,3.3000000000000003,True
1078,1078,1.1,1.5,3.7,3.3000000000000003,True
291,291,0.5,3.7,1.1,3.3000000000000003,True
1672,1672,1.5,0.9,3.7,3.3000000000000003,True
1163,1163,1.1,2.5,2.7,3.3000000000000003,True
1605,1605,1.3,3.9,1.1,3.3000000000000003,True
565,565,0.7,3.1,1.9,3.3000000000000003,True
664,664,0.9,0.5,3.7,3.3000000000000003,True
1384,1384,1.3,1.3,3.7,3.3000000000000003,True
890,890,0.9,3.1,2.1,3.3000000000000003,True
358,358,0.7,0.7,3.7,3.3000000000000003,True
155,155,0.5,2.1,2.7,3.3000000000000003,True
941,941,0.9,3.7,1.5,3.3000000000000003,True
412,412,0.7,1.3,3.7,3.3000000000000003,True
206,206,0.5,2.7,2.1,3.3000000000000003,True
1214,1214,1.1,3.1,2.1,3.3000000000000003,True
772,772,0.9,1.7,3.7,3.5,True
156,156,0.5,2.1,2.9,3.5,True
241,241,0.5,3.1,1.9,3.5,True
308,308,0.5,3.9,0.9,3.5,True
447,447,0.7,1.7,3.5,3.5,True
309,309,0.5,3.9,1.1,3.5,True
430,430,0.7,1.5,3.7,3.5,True
340,340,0.7,0.5,3.7,3.5,True
275,275,0.5,3.5,1.5,3.5,True
1312,1312,1.3,0.5,3.7,3.5,True
1079,1079,1.1,1.5,3.9,3.5,True
755,755,0.9,1.5,3.9,3.5,True
413,413,0.7,1.3,3.9,3.5,True
942,942,0.9,3.7,1.7,3.5,True
359,359,0.7,0.7,3.9,3.5,True
53,53,0.5,0.9,3.9,3.5,True
1572,1572,1.3,3.5,1.7,3.5,True
1555,1555,1.3,3.3,1.9,3.5,True
1996,1996,1.7,0.9,3.7,3.5,True
823,823,0.9,2.3,3.1,3.5,True
806,806,0.9,2.1,3.3,3.5,True
1402,1402,1.3,1.5,3.7,3.5,True
122,122,0.5,1.7,3.3,3.5,True
1419,1419,1.3,1.7,3.5,3.5,True
2014,2014,1.7,1.1,3.7,3.5,True
105,105,0.5,1.5,3.5,3.5,True
908,908,0.9,3.3,2.1,3.5,True
1436,1436,1.3,1.9,3.3,3.5,True
88,88,0.5,1.3,3.7,3.5,True
1453,1453,1.3,2.1,3.1,3.5,True
1283,1283,1.1,3.9,1.5,3.5,True
891,891,0.9,3.1,2.3,3.5,True
1385,1385,1.3,1.3,3.9,3.5,True
1470,1470,1.3,2.3,2.9,3.5,True
959,959,0.9,3.9,1.5,3.5,True
789,789,0.9,1.9,3.5,3.5,True
173,173,0.5,2.3,2.7,3.5,True
1487,1487,1.3,2.5,2.7,3.5,True
874,874,0.9,2.9,2.5,3.5,True
289,289,0.5,3.7,0.7,3.5,True
989,989,1.1,0.5,3.9,3.5,True
1504,1504,1.3,2.7,2.5,3.5,True
1249,1249,1.1,3.5,1.9,3.5,True
292,292,0.5,3.7,1.3,3.5,True
1198,1198,1.1,2.9,2.5,3.5,True
840,840,0.9,2.5,2.9,3.5,True
1521,1521,1.3,2.9,2.3,3.5,True
258,258,0.5,3.3,1.7,3.5,True
925,925,0.9,3.5,1.9,3.5,True
139,139,0.5,1.9,3.1,3.5,True
1266,1266,1.1,3.7,1.7,3.5,True
71,71,0.5,1.1,3.9,3.5,True
532,532,0.7,2.7,2.5,3.5,True
1331,1331,1.3,0.7,3.9,3.5,True
1232,1232,1.1,3.3,2.1,3.5,True
1164,1164,1.1,2.5,2.9,3.5,True
1654,1654,1.5,0.7,3.7,3.5,True
34,34,0.5,0.7,3.7,3.5,True
515,515,0.7,2.5,2.7,3.5,True
617,617,0.7,3.7,1.5,3.5,True
1673,1673,1.5,0.9,3.9,3.5,True
1691,1691,1.5,1.1,3.9,3.5,True
1130,1130,1.1,2.1,3.3,3.5,True
1708,1708,1.5,1.3,3.7,3.5,True
15,15,0.5,0.5,3.5,3.5,True
1776,1776,1.5,2.1,2.9,3.5,True
1725,1725,1.5,1.5,3.5,3.5,True
1147,1147,1.1,2.3,3.1,3.5,True
583,583,0.7,3.3,1.9,3.5,True
207,207,0.5,2.7,2.3,3.5,True
600,600,0.7,3.5,1.7,3.5,True
498,498,0.7,2.3,2.9,3.5,True
464,464,0.7,1.9,3.3,3.5,True
1759,1759,1.5,1.9,3.1,3.5,True
1215,1215,1.1,3.1,2.3,3.5,True
190,190,0.5,2.5,2.5,3.5,True
1742,1742,1.5,1.7,3.3,3.5,True
1606,1606,1.3,3.9,1.3,3.5,True
634,634,0.7,3.9,1.3,3.5,True
1589,1589,1.3,3.7,1.5,3.5,True
631,631,0.7,3.9,0.7,3.5,True
481,481,0.7,2.1,3.1,3.5,True
1096,1096,1.1,1.7,3.7,3.5,True
549,549,0.7,2.9,2.3,3.5,True
665,665,0.9,0.5,3.9,3.5,True
224,224,0.5,2.9,2.1,3.5,True
1113,1113,1.1,1.9,3.5,3.5,True
857,857,0.9,2.7,2.7,3.5000000000000004,True
1538,1538,1.3,3.1,2.1,3.5000000000000004,True
1181,1181,1.1,2.7,2.7,3.5000000000000004,True
566,566,0.7,3.1,2.1,3.5000000000000004,True
1777,1777,1.5,2.1,3.1,3.7,True
892,892,0.9,3.1,2.5,3.7,True
943,943,0.9,3.7,1.9,3.7,True
140,140,0.5,1.9,3.3,3.7,True
1148,1148,1.1,2.3,3.3,3.7,True
1284,1284,1.1,3.9,1.7,3.7,True
1471,1471,1.3,2.3,3.1,3.7,True
584,584,0.7,3.3,2.1,3.7,True
1313,1313,1.3,0.5,3.9,3.7,True
1760,1760,1.5,1.9,3.3,3.7,True
1488,1488,1.3,2.5,2.9,3.7,True
1199,1199,1.1,2.9,2.7,3.7,True
533,533,0.7,2.7,2.7,3.7,True
875,875,0.9,2.9,2.7,3.7,True
157,157,0.5,2.1,3.1,3.7,True
208,208,0.5,2.7,2.5,3.7,True
288,288,0.5,3.7,0.5,3.7,True
1454,1454,1.3,2.1,3.3,3.7,True
1862,1862,1.5,3.1,2.1,3.7,True
191,191,0.5,2.5,2.7,3.7,True
89,89,0.5,1.3,3.9,3.7,True
960,960,0.9,3.9,1.7,3.7,True
123,123,0.5,1.7,3.5,3.7,True
550,550,0.7,2.9,2.5,3.7,True
926,926,0.9,3.5,2.1,3.7,True
1828,1828,1.5,2.7,2.5,3.7,True
276,276,0.5,3.5,1.7,3.7,True
1165,1165,1.1,2.5,3.1,3.7,True
1403,1403,1.3,1.5,3.9,3.7,True
1997,1997,1.7,0.9,3.9,3.7,True
106,106,0.5,1.5,3.7,3.7,True
1794,1794,1.5,2.3,2.9,3.7,True
516,516,0.7,2.5,2.9,3.7,True
1845,1845,1.5,2.9,2.3,3.7,True
1743,1743,1.5,1.7,3.5,3.7,True
2015,2015,1.7,1.1,3.9,3.7,True
909,909,0.9,3.3,2.3,3.7,True
567,567,0.7,3.1,2.3,3.7,True
1811,1811,1.5,2.5,2.7,3.7,True
1216,1216,1.1,3.1,2.5,3.7,True
1437,1437,1.3,1.9,3.5,3.7,True
1182,1182,1.1,2.7,2.9,3.7,True
2032,2032,1.7,1.3,3.7,3.7,True
1420,1420,1.3,1.7,3.7,3.7,True
1879,1879,1.5,3.3,1.9,3.7,True
465,465,0.7,1.9,3.5,3.7,True
242,242,0.5,3.1,2.1,3.7,True
1539,1539,1.3,3.1,2.3,3.7,True
790,790,0.9,1.9,3.7,3.7,True
307,307,0.5,3.9,0.7,3.7,True
1655,1655,1.5,0.7,3.9,3.7,True
773,773,0.9,1.7,3.9,3.7,True
1233,1233,1.1,3.3,2.3,3.7,True
310,310,0.5,3.9,1.3,3.7,True
1636,1636,1.5,0.5,3.7,3.7,True
1896,1896,1.5,3.5,1.7,3.7,True
1556,1556,1.3,3.3,2.1,3.7,True
1114,1114,1.1,1.9,3.7,3.7,True
174,174,0.5,2.3,2.9,3.7,True
630,630,0.7,3.9,0.5,3.7,True
1250,1250,1.1,3.5,2.1,3.7,True
1930,1930,1.5,3.9,1.3,3.7,True
1607,1607,1.3,3.9,1.5,3.7,True
341,341,0.7,0.5,3.9,3.7,True
1913,1913,1.5,3.7,1.5,3.7,True
1097,1097,1.1,1.7,3.9,3.7,True
225,225,0.5,2.9,2.3,3.7,True
1590,1590,1.3,3.7,1.7,3.7,True
431,431,0.7,1.5,3.9,3.7,True
35,35,0.5,0.7,3.9,3.7,True
448,448,0.7,1.7,3.7,3.7,True
635,635,0.7,3.9,1.5,3.7,True
618,618,0.7,3.7,1.7,3.7,True
1573,1573,1.3,3.5,1.9,3.7,True
807,807,0.9,2.1,3.5,3.7,True
499,499,0.7,2.3,3.1,3.7,True
1505,1505,1.3,2.7,2.7,3.7,True
2049,2049,1.7,1.5,3.5,3.7,True
858,858,0.9,2.7,2.9,3.7,True
601,601,0.7,3.5,1.9,3.7,True
293,293,0.5,3.7,1.5,3.7,True
1131,1131,1.1,2.1,3.5,3.7,True
1978,1978,1.7,0.7,3.7,3.7,True
841,841,0.9,2.5,3.1,3.7,True
1726,1726,1.5,1.5,3.7,3.7,True
482,482,0.7,2.1,3.3,3.7,True
1709,1709,1.5,1.3,3.9,3.7,True
259,259,0.5,3.3,1.9,3.7,True
1267,1267,1.1,3.7,1.9,3.7,True
16,16,0.5,0.5,3.7,3.7,True
824,824,0.9,2.3,3.3,3.7,True
1522,1522,1.3,2.9,2.5,3.7,True
1166,1166,1.1,2.5,3.3,3.9,True
226,226,0.5,2.9,2.5,3.9,True
175,175,0.5,2.3,3.1,3.9,True
243,243,0.5,3.1,2.3,3.9,True
1200,1200,1.1,2.9,2.9,3.9,True
1285,1285,1.1,3.9,1.9,3.9,True
1979,1979,1.7,0.7,3.9,3.9,True
2033,2033,1.7,1.3,3.9,3.9,True
1183,1183,1.1,2.7,3.1,3.9,True
1132,1132,1.1,2.1,3.7,3.9,True
2050,2050,1.7,1.5,3.7,3.9,True
2067,2067,1.7,1.7,3.5,3.9,True
1217,1217,1.1,3.1,2.7,3.9,True
260,260,0.5,3.3,2.1,3.9,True
1251,1251,1.1,3.5,2.3,3.9,True
1149,1149,1.1,2.3,3.5,3.9,True
1115,1115,1.1,1.9,3.9,3.9,True
2084,2084,1.7,1.9,3.3,3.9,True
961,961,0.9,3.9,1.9,3.9,True
1234,1234,1.1,3.3,2.5,3.9,True
1268,1268,1.1,3.7,2.1,3.9,True
209,209,0.5,2.7,2.7,3.9,True
192,192,0.5,2.5,2.9,3.9,True
449,449,0.7,1.7,3.9,3.9,True
2339,2339,1.9,1.1,3.9,3.9,True
1744,1744,1.5,1.7,3.7,3.9,True
791,791,0.9,1.9,3.9,3.9,True
306,306,0.5,3.9,0.5,3.9,True
311,311,0.5,3.9,1.5,3.9,True
1557,1557,1.3,3.3,2.3,3.9,True
1829,1829,1.5,2.7,2.7,3.9,True
1812,1812,1.5,2.5,2.9,3.9,True
517,517,0.7,2.5,3.1,3.9,True
1931,1931,1.5,3.9,1.5,3.9,True
1574,1574,1.3,3.5,2.1,3.9,True
568,568,0.7,3.1,2.5,3.9,True
158,158,0.5,2.1,3.3,3.9,True
466,466,0.7,1.9,3.7,3.9,True
1591,1591,1.3,3.7,1.9,3.9,True
1795,1795,1.5,2.3,3.1,3.9,True
1914,1914,1.5,3.7,1.7,3.9,True
1608,1608,1.3,3.9,1.7,3.9,True
1778,1778,1.5,2.1,3.3,3.9,True
636,636,0.7,3.9,1.7,3.9,True
1761,1761,1.5,1.9,3.5,3.9,True
1897,1897,1.5,3.5,1.9,3.9,True
1637,1637,1.5,0.5,3.9,3.9,True
619,619,0.7,3.7,1.9,3.9,True
483,483,0.7,2.1,3.5,3.9,True
17,17,0.5,0.5,3.9,3.9,True
602,602,0.7,3.5,2.1,3.9,True
500,500,0.7,2.3,3.3,3.9,True
1727,1727,1.5,1.5,3.9,3.9,True
2321,2321,1.9,0.9,3.9,3.9,True
808,808,0.9,2.1,3.7,3.9,True
1540,1540,1.3,3.1,2.5,3.9,True
585,585,0.7,3.3,2.3,3.9,True
910,910,0.9,3.3,2.5,3.9,True
1438,1438,1.3,1.9,3.7,3.9,True
277,277,0.5,3.5,1.9,3.9,True
927,927,0.9,3.5,2.3,3.9,True
124,124,0.5,1.7,3.7,3.9,True
1863,1863,1.5,3.1,2.3,3.9,True
1455,1455,1.3,2.1,3.5,3.9,True
1960,1960,1.7,0.5,3.7,3.9,True
893,893,0.9,3.1,2.7,3.9,True
1472,1472,1.3,2.3,3.3,3.9,True
876,876,0.9,2.9,2.9,3.9,True
107,107,0.5,1.5,3.9,3.9,True
1489,1489,1.3,2.5,3.1,3.9,True
859,859,0.9,2.7,3.1,3.9,True
1506,1506,1.3,2.7,2.9,3.9,True
944,944,0.9,3.7,2.1,3.9,True
1880,1880,1.5,3.3,2.1,3.9,True
141,141,0.5,1.9,3.5,3.9,True
842,842,0.9,2.5,3.3,3.9,True
294,294,0.5,3.7,1.7,3.9,True
1523,1523,1.3,2.9,2.7,3.9,True
825,825,0.9,2.3,3.5,3.9,True
534,534,0.7,2.7,2.9,3.9,True
551,551,0.7,2.9,2.7,3.9,True
1846,1846,1.5,2.9,2.5,3.9,True
1421,1421,1.3,1.7,3.9,3.9,True
1864,1864,1.5,3.1,2.5,4.1,True
1881,1881,1.5,3.3,2.3,4.1,True
1218,1218,1.1,3.1,2.9,4.1,True
1779,1779,1.5,2.1,3.5,4.1,True
1201,1201,1.1,2.9,3.1,4.1,True
1847,1847,1.5,2.9,2.7,4.1,True
1813,1813,1.5,2.5,3.1,4.1,True
1830,1830,1.5,2.7,2.9,4.1,True
2119,2119,1.7,2.3,3.1,4.1,True
1762,1762,1.5,1.9,3.7,4.1,True
1796,1796,1.5,2.3,3.3,4.1,True
159,159,0.5,2.1,3.5,4.1,True
1898,1898,1.5,3.5,2.1,4.1,True
142,142,0.5,1.9,3.7,4.1,True
125,125,0.5,1.7,3.9,4.1,True
1286,1286,1.1,3.9,2.1,4.1,True
1439,1439,1.3,1.9,3.9,4.1,True
1473,1473,1.3,2.3,3.5,4.1,True
1490,1490,1.3,2.5,3.3,4.1,True
2051,2051,1.7,1.5,3.9,4.1,True
1524,1524,1.3,2.9,2.9,4.1,True
1269,1269,1.1,3.7,2.3,4.1,True
1961,1961,1.7,0.5,3.9,4.1,True
1745,1745,1.5,1.7,3.9,4.1,True
2068,2068,1.7,1.7,3.7,4.1,True
2085,2085,1.7,1.9,3.5,4.1,True
1252,1252,1.1,3.5,2.5,4.1,True
1932,1932,1.5,3.9,1.7,4.1,True
1575,1575,1.3,3.5,2.3,4.1,True
1592,1592,1.3,3.7,2.1,4.1,True
1915,1915,1.5,3.7,1.9,4.1,True
176,176,0.5,2.3,3.3,4.1,True
2102,2102,1.7,2.1,3.3,4.1,True
1235,1235,1.1,3.3,2.7,4.1,True
1609,1609,1.3,3.9,1.9,4.1,True
1558,1558,1.3,3.3,2.5,4.1,True
1507,1507,1.3,2.7,3.1,4.1,True
210,210,0.5,2.7,2.9,4.1,True
467,467,0.7,1.9,3.9,4.1,True
1133,1133,1.1,2.1,3.9,4.1,True
586,586,0.7,3.3,2.5,4.1,True
501,501,0.7,2.3,3.5,4.1,True
809,809,0.9,2.1,3.9,4.1,True
860,860,0.9,2.7,3.3,4.1,True
2204,2204,1.7,3.3,2.1,4.1,True
911,911,0.9,3.3,2.7,4.1,True
637,637,0.7,3.9,1.9,4.1,True
244,244,0.5,3.1,2.5,4.1,True
261,261,0.5,3.3,2.3,4.1,True
312,312,0.5,3.9,1.7,4.1,True
2374,2374,1.9,1.5,3.7,4.1,True
2136,2136,1.7,2.5,2.9,4.1,True
2187,2187,1.7,3.1,2.3,4.1,True
962,962,0.9,3.9,2.1,4.1,True
227,227,0.5,2.9,2.7,4.1,True
2357,2357,1.9,1.3,3.9,4.1,True
620,620,0.7,3.7,2.1,4.1,True
2303,2303,1.9,0.7,3.9,4.1,True
518,518,0.7,2.5,3.3,4.1,True
535,535,0.7,2.7,3.1,4.1,True
928,928,0.9,3.5,2.5,4.1,True
826,826,0.9,2.3,3.7,4.1,True
1184,1184,1.1,2.7,3.3,4.1,True
278,278,0.5,3.5,2.1,4.1,True
2221,2221,1.7,3.5,1.9,4.1,True
603,603,0.7,3.5,2.3,4.1,True
552,552,0.7,2.9,2.9,4.1,True
945,945,0.9,3.7,2.3,4.1,True
2645,2645,2.1,0.9,3.9,4.1,True
843,843,0.9,2.5,3.5,4.1,True
1167,1167,1.1,2.5,3.5,4.1,True
2255,2255,1.7,3.9,1.5,4.1,True
894,894,0.9,3.1,2.9,4.1,True
1150,1150,1.1,2.3,3.7,4.1,True
193,193,0.5,2.5,3.1,4.1,True
295,295,0.5,3.7,1.9,4.1,True
877,877,0.9,2.9,3.1,4.1,True
484,484,0.7,2.1,3.7,4.1000000000000005,True
1456,1456,1.3,2.1,3.7,4.1000000000000005,True
2238,2238,1.7,3.7,1.7,4.1000000000000005,True
1541,1541,1.3,3.1,2.7,4.1000000000000005,True
569,569,0.7,3.1,2.7,4.1000000000000005,True
2285,2285,1.9,0.5,3.9,4.3,True
279,279,0.5,3.5,2.3,4.3,True
143,143,0.5,1.9,3.9,4.3,True
604,604,0.7,3.5,2.5,4.3,True
1576,1576,1.3,3.5,2.5,4.3,True
912,912,0.9,3.3,2.9,4.3,True
2205,2205,1.7,3.3,2.3,4.3,True
1559,1559,1.3,3.3,2.7,4.3,True
1933,1933,1.5,3.9,1.9,4.3,True
485,485,0.7,2.1,3.9,4.3,True
1899,1899,1.5,3.5,2.3,4.3,True
1287,1287,1.1,3.9,2.3,4.3,True
2392,2392,1.9,1.7,3.7,4.3,True
963,963,0.9,3.9,2.3,4.3,True
621,621,0.7,3.7,2.3,4.3,True
2171,2171,1.7,2.9,2.7,4.3,True
2188,2188,1.7,3.1,2.5,4.3,True
194,194,0.5,2.5,3.3,4.3,True
262,262,0.5,3.3,2.5,4.3,True
536,536,0.7,2.7,3.3,4.3,True
1202,1202,1.1,2.9,3.3,4.3,True
827,827,0.9,2.3,3.9,4.3,True
1848,1848,1.5,2.9,2.9,4.3,True
519,519,0.7,2.5,3.5,4.3,True
2120,2120,1.7,2.3,3.3,4.3,True
1151,1151,1.1,2.3,3.9,4.3,True
1508,1508,1.3,2.7,3.3,4.3,True
2103,2103,1.7,2.1,3.5,4.3,True
1882,1882,1.5,3.3,2.5,4.3,True
1236,1236,1.1,3.3,2.9,4.3,True
2627,2627,2.1,0.7,3.9,4.3,True
2086,2086,1.7,1.9,3.7,4.3,True
1797,1797,1.5,2.3,3.5,4.3,True
1814,1814,1.5,2.5,3.3,4.3,True
228,228,0.5,2.9,2.9,4.3,True
1457,1457,1.3,2.1,3.9,4.3,True
2256,2256,1.7,3.9,1.7,4.3,True
587,587,0.7,3.3,2.7,4.3,True
502,502,0.7,2.3,3.7,4.3,True
1763,1763,1.5,1.9,3.9,4.3,True
177,177,0.5,2.3,3.5,4.3,True
2069,2069,1.7,1.7,3.9,4.3,True
1593,1593,1.3,3.7,2.3,4.3,True
1474,1474,1.3,2.3,3.7,4.3,True
2375,2375,1.9,1.5,3.9,4.3,True
878,878,0.9,2.9,3.3,4.3,True
1491,1491,1.3,2.5,3.5,4.3,True
313,313,0.5,3.9,1.9,4.3,True
861,861,0.9,2.7,3.5,4.300000000000002,True
1916,1916,1.5,3.7,2.1,4.300000000000002,True
895,895,0.9,3.1,3.1,4.300000000000002,True
296,296,0.5,3.7,2.1,4.300000000000002,True
2239,2239,1.7,3.7,1.9,4.300000000000002,True
1542,1542,1.3,3.1,2.9,4.300000000000002,True
844,844,0.9,2.5,3.7,4.300000000000002,True
1525,1525,1.3,2.9,3.1,4.300000000000002,True
245,245,0.5,3.1,2.7,4.300000000000002,True
2137,2137,1.7,2.5,3.1,4.300000000000002,True
929,929,0.9,3.5,2.7,4.300000000000002,True
1270,1270,1.1,3.7,2.5,4.300000000000002,True
2154,2154,1.7,2.7,2.9,4.300000000000002,True
570,570,0.7,3.1,2.9,4.300000000000002,True
211,211,0.5,2.7,3.1,4.300000000000002,True
1865,1865,1.5,3.1,2.7,4.300000000000002,True
1253,1253,1.1,3.5,2.7,4.300000000000002,True
553,553,0.7,2.9,3.1,4.300000000000002,True
1831,1831,1.5,2.7,3.1,4.300000000000002,True
160,160,0.5,2.1,3.7,4.300000000000002,True
1219,1219,1.1,3.1,3.1,4.300000000000002,True
2222,2222,1.7,3.5,2.1,4.300000000000002,True
1185,1185,1.1,2.7,3.5,4.300000000000002,True
946,946,0.9,3.7,2.5,4.300000000000002,True
1780,1780,1.5,2.1,3.7,4.300000000000002,True
638,638,0.7,3.9,2.1,4.300000000000002,True
1610,1610,1.3,3.9,2.1,4.300000000000002,True
1168,1168,1.1,2.5,3.7,4.300000000000002,True
554,554,0.7,2.9,3.3,4.5,True
1815,1815,1.5,2.5,3.5,4.5,True
1798,1798,1.5,2.3,3.7,4.5,True
1832,1832,1.5,2.7,3.3,4.5,True
537,537,0.7,2.7,3.5,4.5,True
571,571,0.7,3.1,3.1,4.5,True
1781,1781,1.5,2.1,3.9,4.5,True
1543,1543,1.3,3.1,3.1,4.5,True
520,520,0.7,2.5,3.7,4.5,True
1849,1849,1.5,2.9,3.1,4.5,True
1594,1594,1.3,3.7,2.5,4.5,True
2699,2699,2.1,1.5,3.9,4.5,True
1900,1900,1.5,3.5,2.5,4.5,True
1917,1917,1.5,3.7,2.3,4.5,True
639,639,0.7,3.9,2.3,4.5,True
1577,1577,1.3,3.5,2.7,4.5,True
1611,1611,1.3,3.9,2.3,4.5,True
2427,2427,1.9,2.1,3.5,4.5,True
2410,2410,1.9,1.9,3.7,4.5,True
2546,2546,1.9,3.5,2.1,4.5,True
1934,1934,1.5,3.9,2.1,4.5,True
2393,2393,1.9,1.7,3.9,4.5,True
1560,1560,1.3,3.3,2.9,4.5,True
2563,2563,1.9,3.7,1.9,4.5,True
2580,2580,1.9,3.9,1.7,4.5,True
605,605,0.7,3.5,2.7,4.5,True
2609,2609,2.1,0.5,3.9,4.5,True
588,588,0.7,3.3,2.9,4.5,True
314,314,0.5,3.9,2.1,4.5,True
503,503,0.7,2.3,3.9,4.5,True
622,622,0.7,3.7,2.5,4.5,True
1883,1883,1.5,3.3,2.7,4.5,True
1866,1866,1.5,3.1,2.9,4.5,True
1169,1169,1.1,2.5,3.9,4.5,True
1220,1220,1.1,3.1,3.3,4.5,True
2240,2240,1.7,3.7,2.1,4.5,True
964,964,0.9,3.9,2.5,4.5,True
280,280,0.5,3.5,2.5,4.5,True
2189,2189,1.7,3.1,2.7,4.5,True
2138,2138,1.7,2.5,3.3,4.5,True
913,913,0.9,3.3,3.1,4.5,True
246,246,0.5,3.1,2.9,4.5,True
2121,2121,1.7,2.3,3.5,4.5,True
2104,2104,1.7,2.1,3.7,4.5,True
212,212,0.5,2.7,3.3,4.5,True
1254,1254,1.1,3.5,2.9,4.5,True
930,930,0.9,3.5,2.9,4.5,True
947,947,0.9,3.7,2.7,4.5,True
229,229,0.5,2.9,3.1,4.5,True
1237,1237,1.1,3.3,3.1,4.5,True
178,178,0.5,2.3,3.7,4.5,True
2223,2223,1.7,3.5,2.3,4.5,True
2206,2206,1.7,3.3,2.5,4.5,True
1526,1526,1.3,2.9,3.3,4.5,True
2087,2087,1.7,1.9,3.9,4.5,True
195,195,0.5,2.5,3.5,4.5,True
1492,1492,1.3,2.5,3.7,4.5,True
1203,1203,1.1,2.9,3.5,4.5,True
2155,2155,1.7,2.7,3.1,4.5,True
2172,2172,1.7,2.9,2.9,4.5,True
1271,1271,1.1,3.7,2.7,4.5,True
845,845,0.9,2.5,3.9,4.5,True
1186,1186,1.1,2.7,3.7,4.5,True
1288,1288,1.1,3.9,2.5,4.5,True
1475,1475,1.3,2.3,3.9,4.5,True
1509,1509,1.3,2.7,3.5,4.5,True
297,297,0.5,3.7,2.3,4.5,True
263,263,0.5,3.3,2.7,4.5,True
2257,2257,1.7,3.9,1.9,4.5,True
161,161,0.5,2.1,3.9,4.5,True
896,896,0.9,3.1,3.3,4.5,True
879,879,0.9,2.9,3.5,4.5,True
862,862,0.9,2.7,3.7,4.5,True
230,230,0.5,2.9,3.3,4.699999999999998,True
2173,2173,1.7,2.9,3.1,4.699999999999998,True
2530,2530,1.9,3.3,2.5,4.699999999999998,True
264,264,0.5,3.3,2.9,4.699999999999998,True
1884,1884,1.5,3.3,2.9,4.699999999999998,True
589,589,0.7,3.3,3.1,4.699999999999998,True
2190,2190,1.7,3.1,2.9,4.699999999999998,True
2547,2547,1.9,3.5,2.3,4.699999999999998,True
606,606,0.7,3.5,2.9,4.699999999999998,True
1238,1238,1.1,3.3,3.3,4.699999999999998,True
2411,2411,1.9,1.9,3.9,4.699999999999998,True
1799,1799,1.5,2.3,3.9,4.699999999999998,True
2258,2258,1.7,3.9,2.1,4.699999999999998,True
914,914,0.9,3.3,3.3,4.699999999999998,True
1578,1578,1.3,3.5,2.9,4.699999999999998,True
2445,2445,1.9,2.3,3.5,4.699999999999998,True
315,315,0.5,3.9,2.3,4.699999999999998,True
179,179,0.5,2.3,3.9,4.699999999999998,True
1850,1850,1.5,2.9,3.3,4.699999999999998,True
2581,2581,1.9,3.9,1.9,4.699999999999998,True
2462,2462,1.9,2.5,3.3,4.699999999999998,True
1935,1935,1.5,3.9,2.3,4.699999999999998,True
1561,1561,1.3,3.3,3.1,4.699999999999998,True
538,538,0.7,2.7,3.7,4.7,True
1204,1204,1.1,2.9,3.7,4.7,True
1867,1867,1.5,3.1,3.1,4.7,True
1272,1272,1.1,3.7,2.9,4.7,True
2156,2156,1.7,2.7,3.3,4.7,True
1187,1187,1.1,2.7,3.9,4.7,True
2139,2139,1.7,2.5,3.5,4.7,True
1221,1221,1.1,3.1,3.5,4.7,True
1833,1833,1.5,2.7,3.5,4.7,True
2105,2105,1.7,2.1,3.9,4.7,True
247,247,0.5,3.1,3.1,4.7,True
1255,1255,1.1,3.5,3.1,4.7,True
2717,2717,2.1,1.7,3.9,4.7,True
555,555,0.7,2.9,3.5,4.7,True
572,572,0.7,3.1,3.3,4.7,True
1816,1816,1.5,2.5,3.7,4.7,True
2122,2122,1.7,2.3,3.7,4.7,True
196,196,0.5,2.5,3.7,4.7,True
213,213,0.5,2.7,3.5,4.7,True
1527,1527,1.3,2.9,3.5,4.7,True
1510,1510,1.3,2.7,3.7,4.7,True
2479,2479,1.9,2.7,3.1,4.7,True
931,931,0.9,3.5,3.1,4.7,True
2428,2428,1.9,2.1,3.7,4.7,True
1595,1595,1.3,3.7,2.7,4.7,True
281,281,0.5,3.5,2.7,4.7,True
2241,2241,1.7,3.7,2.3,4.7,True
2513,2513,1.9,3.1,2.7,4.7,True
1901,1901,1.5,3.5,2.7,4.7,True
521,521,0.7,2.5,3.9,4.7,True
640,640,0.7,3.9,2.5,4.7,True
948,948,0.9,3.7,2.9,4.7,True
1918,1918,1.5,3.7,2.5,4.7,True
2207,2207,1.7,3.3,2.7,4.7,True
2224,2224,1.7,3.5,2.5,4.7,True
880,880,0.9,2.9,3.7,4.7,True
2564,2564,1.9,3.7,2.1,4.7,True
298,298,0.5,3.7,2.5,4.7,True
1289,1289,1.1,3.9,2.7,4.7,True
1493,1493,1.3,2.5,3.9,4.7,True
965,965,0.9,3.9,2.7,4.7,True
897,897,0.9,3.1,3.5,4.7,True
623,623,0.7,3.7,2.7,4.7,True
1544,1544,1.3,3.1,3.3,4.7,True
1612,1612,1.3,3.9,2.5,4.7,True
863,863,0.9,2.7,3.9,4.7,True
2242,2242,1.7,3.7,2.5,4.9,True
2259,2259,1.7,3.9,2.3,4.9,True
1868,1868,1.5,3.1,3.3,4.9,True
2429,2429,1.9,2.1,3.9,4.9,True
1936,1936,1.5,3.9,2.5,4.9,True
1919,1919,1.5,3.7,2.7,4.9,True
2905,2905,2.1,3.9,1.9,4.9,True
2565,2565,1.9,3.7,2.3,4.9,True
2446,2446,1.9,2.3,3.7,4.9,True
2582,2582,1.9,3.9,2.1,4.9,True
2174,2174,1.7,2.9,3.3,4.9,True
2548,2548,1.9,3.5,2.5,4.9,True
2140,2140,1.7,2.5,3.7,4.9,True
1885,1885,1.5,3.3,3.1,4.9,True
2531,2531,1.9,3.3,2.7,4.9,True
2191,2191,1.7,3.1,3.1,4.9,True
2123,2123,1.7,2.3,3.9,4.9,True
2514,2514,1.9,3.1,2.9,4.9,True
2735,2735,2.1,1.9,3.9,4.9,True
2208,2208,1.7,3.3,2.9,4.9,True
1902,1902,1.5,3.5,2.9,4.9,True
2497,2497,1.9,2.9,3.1,4.9,True
2480,2480,1.9,2.7,3.3,4.9,True
2157,2157,1.7,2.7,3.5,4.9,True
2888,2888,2.1,3.7,2.1,4.9,True
2463,2463,1.9,2.5,3.5,4.9,True
2225,2225,1.7,3.5,2.7,4.9,True
2752,2752,2.1,2.1,3.7,4.9,True
1562,1562,1.3,3.3,3.3,4.9,True
915,915,0.9,3.3,3.5,4.9,True
898,898,0.9,3.1,3.7,4.9,True
282,282,0.5,3.5,2.9,4.9,True
1256,1256,1.1,3.5,3.3,4.9,True
932,932,0.9,3.5,3.3,4.9,True
1579,1579,1.3,3.5,3.1,4.9,True
949,949,0.9,3.7,3.1,4.9,True
1545,1545,1.3,3.1,3.5,4.9,True
624,624,0.7,3.7,2.9,4.9,True
966,966,0.9,3.9,2.9,4.9,True
539,539,0.7,2.7,3.9,4.9,True
1596,1596,1.3,3.7,2.9,4.9,True
265,265,0.5,3.3,3.1,4.9,True
1511,1511,1.3,2.7,3.9,4.9,True
556,556,0.7,2.9,3.7,4.9,True
248,248,0.5,3.1,3.3,4.9,True
1290,1290,1.1,3.9,2.9,4.9,True
231,231,0.5,2.9,3.5,4.9,True
214,214,0.5,2.7,3.7,4.9,True
197,197,0.5,2.5,3.9,4.9,True
1273,1273,1.1,3.7,3.1,4.9,True
1205,1205,1.1,2.9,3.9,4.9,True
1222,1222,1.1,3.1,3.7,4.9,True
1528,1528,1.3,2.9,3.7,4.9,True
881,881,0.9,2.9,3.9,4.9,True
1239,1239,1.1,3.3,3.5,4.9,True
1817,1817,1.5,2.5,3.9,4.9,True
573,573,0.7,3.1,3.5,4.9,True
590,590,0.7,3.3,3.3,4.9,True
607,607,0.7,3.5,3.1,4.9,True
299,299,0.5,3.7,2.7,4.9,True
1851,1851,1.5,2.9,3.5,4.9,True
1834,1834,1.5,2.7,3.7,4.9,True
316,316,0.5,3.9,2.5,4.9,True
1613,1613,1.3,3.9,2.7,4.9,True
641,641,0.7,3.9,2.7,4.9,True
2464,2464,1.9,2.5,3.7,5.1,True
2481,2481,1.9,2.7,3.5,5.1,True
642,642,0.7,3.9,2.9,5.1,True
2141,2141,1.7,2.5,3.9,5.1,True
2498,2498,1.9,2.9,3.3,5.1,True
249,249,0.5,3.1,3.5,5.1,True
2260,2260,1.7,3.9,2.5,5.1,True
2872,2872,2.1,3.5,2.5,5.1,True
215,215,0.5,2.7,3.9,5.1,True
2566,2566,1.9,3.7,2.5,5.1,True
2515,2515,1.9,3.1,3.1,5.1,True
2532,2532,1.9,3.3,2.9,5.1,True
625,625,0.7,3.7,3.1,5.1,True
1223,1223,1.1,3.1,3.9,5.1,True
232,232,0.5,2.9,3.7,5.1,True
967,967,0.9,3.9,3.1,5.1,True
2175,2175,1.7,2.9,3.5,5.1,True
2447,2447,1.9,2.3,3.9,5.1,True
2753,2753,2.1,2.1,3.9,5.1,True
2770,2770,2.1,2.3,3.7,5.1,True
2787,2787,2.1,2.5,3.5,5.1,True
899,899,0.9,3.1,3.9,5.1,True
283,283,0.5,3.5,3.1,5.1,True
300,300,0.5,3.7,2.9,5.1,True
591,591,0.7,3.3,3.5,5.1,True
2226,2226,1.7,3.5,2.9,5.1,True
916,916,0.9,3.3,3.7,5.1,True
933,933,0.9,3.5,3.5,5.1,True
2209,2209,1.7,3.3,3.1,5.1,True
317,317,0.5,3.9,2.7,5.1,True
950,950,0.9,3.7,3.3,5.1,True
2192,2192,1.7,3.1,3.3,5.1,True
2583,2583,1.9,3.9,2.3,5.1,True
266,266,0.5,3.3,3.3,5.1,True
557,557,0.7,2.9,3.9,5.1,True
608,608,0.7,3.5,3.3,5.1,True
1852,1852,1.5,2.9,3.7,5.1,True
2549,2549,1.9,3.5,2.7,5.1,True
1614,1614,1.3,3.9,2.9,5.1,True
1529,1529,1.3,2.9,3.9,5.1,True
1886,1886,1.5,3.3,3.3,5.1,True
2889,2889,2.1,3.7,2.3,5.1,True
1937,1937,1.5,3.9,2.7,5.1,True
1835,1835,1.5,2.7,3.9,5.1,True
1597,1597,1.3,3.7,3.1,5.1,True
1240,1240,1.1,3.3,3.7,5.1,True
1291,1291,1.1,3.9,3.1,5.1,True
1920,1920,1.5,3.7,2.9,5.1,True
1563,1563,1.3,3.3,3.5,5.1,True
1274,1274,1.1,3.7,3.3,5.1,True
2906,2906,2.1,3.9,2.1,5.1,True
1903,1903,1.5,3.5,3.1,5.1,True
1257,1257,1.1,3.5,3.5,5.1,True
1869,1869,1.5,3.1,3.5,5.1,True
1580,1580,1.3,3.5,3.3,5.1,True
1546,1546,1.3,3.1,3.7,5.1000000000000005,True
2158,2158,1.7,2.7,3.7,5.1000000000000005,True
574,574,0.7,3.1,3.7,5.1000000000000005,True
2243,2243,1.7,3.7,2.7,5.1000000000000005,True
3230,3230,2.3,3.9,2.1,5.299999999999999,True
284,284,0.5,3.5,3.3,5.3,True
1581,1581,1.3,3.5,3.5,5.3,True
1598,1598,1.3,3.7,3.3,5.3,True
2822,2822,2.1,2.9,3.3,5.3,True
3077,3077,2.3,2.1,3.9,5.3,True
2771,2771,2.1,2.3,3.9,5.3,True
1241,1241,1.1,3.3,3.9,5.3,True
1904,1904,1.5,3.5,3.3,5.3,True
592,592,0.7,3.3,3.7,5.3,True
917,917,0.9,3.3,3.9,5.3,True
318,318,0.5,3.9,2.9,5.3,True
2584,2584,1.9,3.9,2.5,5.3,True
1887,1887,1.5,3.3,3.5,5.3,True
2465,2465,1.9,2.5,3.9,5.3,True
2499,2499,1.9,2.9,3.5,5.3,True
2516,2516,1.9,3.1,3.3,5.3,True
609,609,0.7,3.5,3.5,5.3,True
2533,2533,1.9,3.3,3.1,5.3,True
1853,1853,1.5,2.9,3.9,5.3,True
2550,2550,1.9,3.5,2.9,5.3,True
626,626,0.7,3.7,3.3,5.3,True
2261,2261,1.7,3.9,2.7,5.3,True
2907,2907,2.1,3.9,2.3,5.3,True
267,267,0.5,3.3,3.5,5.3,True
233,233,0.5,2.9,3.9,5.3,True
2856,2856,2.1,3.3,2.9,5.3,True
1292,1292,1.1,3.9,3.3,5.3,True
1938,1938,1.5,3.9,2.9,5.3,True
2193,2193,1.7,3.1,3.5,5.3,True
1564,1564,1.3,3.3,3.7,5.3,True
2176,2176,1.7,2.9,3.7,5.3,True
2210,2210,1.7,3.3,3.3,5.3,True
968,968,0.9,3.9,3.3,5.3,True
301,301,0.5,3.7,3.1,5.300000000000002,True
2482,2482,1.9,2.7,3.7,5.300000000000002,True
575,575,0.7,3.1,3.9,5.300000000000002,True
250,250,0.5,3.1,3.7,5.300000000000002,True
2890,2890,2.1,3.7,2.5,5.300000000000002,True
2567,2567,1.9,3.7,2.7,5.300000000000002,True
2839,2839,2.1,3.1,3.1,5.300000000000002,True
2159,2159,1.7,2.7,3.9,5.300000000000002,True
643,643,0.7,3.9,3.1,5.300000000000002,True
2788,2788,2.1,2.5,3.7,5.300000000000002,True
1615,1615,1.3,3.9,3.1,5.300000000000002,True
934,934,0.9,3.5,3.7,5.300000000000002,True
1275,1275,1.1,3.7,3.5,5.300000000000002,True
1258,1258,1.1,3.5,3.7,5.300000000000002,True
2805,2805,2.1,2.7,3.5,5.300000000000002,True
2873,2873,2.1,3.5,2.7,5.300000000000002,True
1921,1921,1.5,3.7,3.1,5.300000000000002,True
1547,1547,1.3,3.1,3.9,5.300000000000002,True
2227,2227,1.7,3.5,3.1,5.300000000000002,True
951,951,0.9,3.7,3.5,5.300000000000002,True
1870,1870,1.5,3.1,3.7,5.300000000000002,True
2244,2244,1.7,3.7,2.9,5.300000000000002,True
3231,3231,2.3,3.9,2.3,5.499999999999999,True
1259,1259,1.1,3.5,3.9,5.5,True
2568,2568,1.9,3.7,2.9,5.5,True
3214,3214,2.3,3.7,2.5,5.5,True
1616,1616,1.3,3.9,3.3,5.5,True
644,644,0.7,3.9,3.3,5.5,True
1888,1888,1.5,3.3,3.7,5.5,True
2874,2874,2.1,3.5,2.9,5.5,True
2534,2534,1.9,3.3,3.3,5.5,True
2551,2551,1.9,3.5,3.1,5.5,True
610,610,0.7,3.5,3.7,5.5,True
2483,2483,1.9,2.7,3.9,5.5,True
1293,1293,1.1,3.9,3.5,5.5,True
1276,1276,1.1,3.7,3.7,5.5,True
2500,2500,1.9,2.9,3.7,5.5,True
1871,1871,1.5,3.1,3.9,5.5,True
627,627,0.7,3.7,3.5,5.5,True
2517,2517,1.9,3.1,3.5,5.5,True
251,251,0.5,3.1,3.9,5.5,True
2823,2823,2.1,2.9,3.5,5.5,True
2789,2789,2.1,2.5,3.9,5.5,True
2585,2585,1.9,3.9,2.7,5.5,True
1565,1565,1.3,3.3,3.9,5.5,True
2211,2211,1.7,3.3,3.5,5.5,True
2908,2908,2.1,3.9,2.5,5.5,True
2228,2228,1.7,3.5,3.3,5.5,True
935,935,0.9,3.5,3.9,5.5,True
2806,2806,2.1,2.7,3.7,5.5,True
1922,1922,1.5,3.7,3.3,5.5,True
952,952,0.9,3.7,3.7,5.5,True
2840,2840,2.1,3.1,3.3,5.5,True
2245,2245,1.7,3.7,3.1,5.5,True
2194,2194,1.7,3.1,3.7,5.5,True
1582,1582,1.3,3.5,3.7,5.5,True
285,285,0.5,3.5,3.5,5.5,True
3095,3095,2.3,2.3,3.9,5.5,True
593,593,0.7,3.3,3.9,5.5,True
2857,2857,2.1,3.3,3.1,5.5,True
268,268,0.5,3.3,3.7,5.5,True
319,319,0.5,3.9,3.1,5.5,True
969,969,0.9,3.9,3.5,5.5,True
2891,2891,2.1,3.7,2.7,5.5,True
302,302,0.5,3.7,3.3,5.5,True
1939,1939,1.5,3.9,3.1,5.5,True
1599,1599,1.3,3.7,3.5,5.5,True
2177,2177,1.7,2.9,3.9,5.5,True
1905,1905,1.5,3.5,3.5,5.5,True
2262,2262,1.7,3.9,2.9,5.5,True
3112,3112,2.3,2.5,3.7,5.5,True
3232,3232,2.3,3.9,2.5,5.699999999999998,True
3181,3181,2.3,3.3,3.1,5.699999999999998,True
3113,3113,2.3,2.5,3.9,5.699999999999998,True
2858,2858,2.1,3.3,3.3,5.699999999999998,True
3198,3198,2.3,3.5,2.9,5.699999999999998,True
611,611,0.7,3.5,3.9,5.699999999999998,True
2586,2586,1.9,3.9,2.9,5.699999999999998,True
2552,2552,1.9,3.5,3.3,5.699999999999998,True
269,269,0.5,3.3,3.9,5.699999999999998,True
320,320,0.5,3.9,3.3,5.699999999999998,True
1940,1940,1.5,3.9,3.3,5.699999999999998,True
2263,2263,1.7,3.9,3.1,5.699999999999998,True
1889,1889,1.5,3.3,3.9,5.699999999999998,True
2501,2501,1.9,2.9,3.9,5.699999999999998,True
1583,1583,1.3,3.5,3.9,5.699999999999998,True
2195,2195,1.7,3.1,3.9,5.699999999999998,True
2535,2535,1.9,3.3,3.5,5.699999999999998,True
303,303,0.5,3.7,3.5,5.7,True
2909,2909,2.1,3.9,2.7,5.7,True
970,970,0.9,3.9,3.7,5.7,True
2841,2841,2.1,3.1,3.5,5.7,True
286,286,0.5,3.5,3.7,5.7,True
2824,2824,2.1,2.9,3.7,5.7,True
1277,1277,1.1,3.7,3.9,5.7,True
1294,1294,1.1,3.9,3.7,5.7,True
2246,2246,1.7,3.7,3.3,5.7,True
953,953,0.9,3.7,3.9,5.7,True
2807,2807,2.1,2.7,3.9,5.7,True
2212,2212,1.7,3.3,3.7,5.7,True
2229,2229,1.7,3.5,3.5,5.7,True
2892,2892,2.1,3.7,2.9,5.7,True
2875,2875,2.1,3.5,3.1,5.7,True
1923,1923,1.5,3.7,3.5,5.7,True
2569,2569,1.9,3.7,3.1,5.7,True
3130,3130,2.3,2.7,3.7,5.7,True
1906,1906,1.5,3.5,3.7,5.7,True
645,645,0.7,3.9,3.5,5.7,True
3215,3215,2.3,3.7,2.7,5.7,True
628,628,0.7,3.7,3.7,5.7,True
1600,1600,1.3,3.7,3.7,5.7,True
1617,1617,1.3,3.9,3.5,5.7,True
2518,2518,1.9,3.1,3.7,5.7,True
1618,1618,1.3,3.9,3.7,5.9,True
1907,1907,1.5,3.5,3.9,5.9,True
3437,3437,2.5,2.5,3.9,5.9,True
3539,3539,2.5,3.7,2.7,5.9,True
2859,2859,2.1,3.3,3.5,5.9,True
3556,3556,2.5,3.9,2.5,5.9,True
3233,3233,2.3,3.9,2.7,5.9,True
971,971,0.9,3.9,3.9,5.9,True
3216,3216,2.3,3.7,2.9,5.9,True
1295,1295,1.1,3.9,3.9,5.9,True
1601,1601,1.3,3.7,3.9,5.9,True
2893,2893,2.1,3.7,3.1,5.9,True
3182,3182,2.3,3.3,3.3,5.9,True
1941,1941,1.5,3.9,3.5,5.9,True
1924,1924,1.5,3.7,3.7,5.9,True
3165,3165,2.3,3.1,3.5,5.9,True
3148,3148,2.3,2.9,3.7,5.9,True
2910,2910,2.1,3.9,2.9,5.9,True
3131,3131,2.3,2.7,3.9,5.9,True
2876,2876,2.1,3.5,3.3,5.9,True
2536,2536,1.9,3.3,3.7,5.9,True
3199,3199,2.3,3.5,3.1,5.9,True
2842,2842,2.1,3.1,3.7,5.9,True
646,646,0.7,3.9,3.7,5.9,True
2519,2519,1.9,3.1,3.9,5.9,True
2264,2264,1.7,3.9,3.3,5.9,True
629,629,0.7,3.7,3.9,5.9,True
2570,2570,1.9,3.7,3.3,5.9,True
2587,2587,1.9,3.9,3.1,5.9,True
287,287,0.5,3.5,3.9,5.9,True
321,321,0.5,3.9,3.5,5.9,True
2247,2247,1.7,3.7,3.5,5.9,True
304,304,0.5,3.7,3.7,5.9,True
2553,2553,1.9,3.5,3.5,5.9,True
2230,2230,1.7,3.5,3.7,5.9,True
2213,2213,1.7,3.3,3.9,5.9,True
2825,2825,2.1,2.9,3.9,5.9,True
322,322,0.5,3.9,3.7,6.1,True
3234,3234,2.3,3.9,2.9,6.1,True
3217,3217,2.3,3.7,3.1,6.1,True
305,305,0.5,3.7,3.9,6.1,True
2571,2571,1.9,3.7,3.5,6.1,True
2588,2588,1.9,3.9,3.3,6.1,True
647,647,0.7,3.9,3.9,6.1,True
1619,1619,1.3,3.9,3.9,6.1,True
3183,3183,2.3,3.3,3.5,6.1,True
3200,3200,2.3,3.5,3.3,6.1,True
3166,3166,2.3,3.1,3.7,6.1,True
3149,3149,2.3,2.9,3.9,6.1,True
3455,3455,2.5,2.7,3.9,6.1,True
1942,1942,1.5,3.9,3.7,6.1,True
2860,2860,2.1,3.3,3.7,6.1,True
2231,2231,1.7,3.5,3.9,6.1,True
2877,2877,2.1,3.5,3.5,6.1,True
3540,3540,2.5,3.7,2.9,6.1,True
2554,2554,1.9,3.5,3.7,6.1,True
2911,2911,2.1,3.9,3.1,6.1,True
2894,2894,2.1,3.7,3.3,6.1,True
2537,2537,1.9,3.3,3.9,6.1,True
2843,2843,2.1,3.1,3.9,6.1,True
2265,2265,1.7,3.9,3.5,6.1,True
1925,1925,1.5,3.7,3.9,6.1,True
3523,3523,2.5,3.5,3.1,6.1,True
2248,2248,1.7,3.7,3.7,6.1000000000000005,True
3557,3557,2.5,3.9,2.7,6.1000000000000005,True
3235,3235,2.3,3.9,3.1,6.299999999999999,True
3524,3524,2.5,3.5,3.3,6.3,True
3218,3218,2.3,3.7,3.3,6.3,True
3473,3473,2.5,2.9,3.9,6.3,True
3881,3881,2.7,3.9,2.7,6.3,True
3201,3201,2.3,3.5,3.5,6.3,True
2555,2555,1.9,3.5,3.9,6.3,True
3507,3507,2.5,3.3,3.5,6.3,True
3184,3184,2.3,3.3,3.7,6.3,True
2266,2266,1.7,3.9,3.7,6.3,True
1943,1943,1.5,3.9,3.9,6.3,True
323,323,0.5,3.9,3.9,6.3,True
3167,3167,2.3,3.1,3.9,6.3,True
2589,2589,1.9,3.9,3.5,6.3,True
2861,2861,2.1,3.3,3.9,6.3,True
2912,2912,2.1,3.9,3.3,6.3,True
2895,2895,2.1,3.7,3.5,6.300000000000002,True
2249,2249,1.7,3.7,3.9,6.300000000000002,True
3541,3541,2.5,3.7,3.1,6.300000000000002,True
2878,2878,2.1,3.5,3.7,6.300000000000002,True
3558,3558,2.5,3.9,2.9,6.300000000000002,True
2572,2572,1.9,3.7,3.7,6.300000000000002,True
3490,3490,2.5,3.1,3.7,6.300000000000002,True
3236,3236,2.3,3.9,3.3,6.499999999999999,True
2896,2896,2.1,3.7,3.7,6.5,True
3542,3542,2.5,3.7,3.3,6.5,True
2879,2879,2.1,3.5,3.9,6.5,True
3559,3559,2.5,3.9,3.1,6.5,True
3525,3525,2.5,3.5,3.5,6.5,True
3797,3797,2.7,2.9,3.9,6.5,True
3185,3185,2.3,3.3,3.9,6.5,True
3848,3848,2.7,3.5,3.3,6.5,True
3882,3882,2.7,3.9,2.9,6.5,True
3508,3508,2.5,3.3,3.7,6.5,True
3865,3865,2.7,3.7,3.1,6.5,True
3202,3202,2.3,3.5,3.7,6.5,True
2267,2267,1.7,3.9,3.9,6.5,True
2573,2573,1.9,3.7,3.9,6.5,True
3219,3219,2.3,3.7,3.5,6.5,True
2590,2590,1.9,3.9,3.7,6.5,True
3491,3491,2.5,3.1,3.9,6.5,True
2913,2913,2.1,3.9,3.5,6.5,True
3203,3203,2.3,3.5,3.9,6.699999999999998,True
2591,2591,1.9,3.9,3.9,6.699999999999998,True
4206,4206,2.9,3.9,2.9,6.699999999999998,True
3883,3883,2.7,3.9,3.1,6.699999999999998,True
3237,3237,2.3,3.9,3.5,6.699999999999998,True
3509,3509,2.5,3.3,3.9,6.699999999999998,True
3543,3543,2.5,3.7,3.5,6.7,True
3849,3849,2.7,3.5,3.5,6.7,True
3832,3832,2.7,3.3,3.7,6.7,True
3815,3815,2.7,3.1,3.9,6.7,True
3866,3866,2.7,3.7,3.3,6.7,True
2914,2914,2.1,3.9,3.7,6.7,True
2897,2897,2.1,3.7,3.9,6.7,True
3220,3220,2.3,3.7,3.7,6.7,True
3526,3526,2.5,3.5,3.7,6.7,True
3560,3560,2.5,3.9,3.3,6.7,True
3867,3867,2.7,3.7,3.5,6.9,True
4173,4173,2.9,3.5,3.5,6.9,True
4207,4207,2.9,3.9,3.1,6.9,True
4156,4156,2.9,3.3,3.7,6.9,True
3884,3884,2.7,3.9,3.3,6.9,True
4190,4190,2.9,3.7,3.3,6.9,True
3833,3833,2.7,3.3,3.9,6.9,True
3850,3850,2.7,3.5,3.7,6.9,True
3221,3221,2.3,3.7,3.9,6.9,True
2915,2915,2.1,3.9,3.9,6.9,True
3561,3561,2.5,3.9,3.5,6.9,True
3238,3238,2.3,3.9,3.7,6.9,True
3544,3544,2.5,3.7,3.7,6.9,True
3527,3527,2.5,3.5,3.9,6.9,True
3851,3851,2.7,3.5,3.9,7.1,True
4191,4191,2.9,3.7,3.5,7.1,True
3239,3239,2.3,3.9,3.9,7.1,True
4157,4157,2.9,3.3,3.9,7.1,True
4208,4208,2.9,3.9,3.3,7.1,True
3885,3885,2.7,3.9,3.5,7.1,True
3545,3545,2.5,3.7,3.9,7.1,True
4174,4174,2.9,3.5,3.7,7.1000000000000005,True
3562,3562,2.5,3.9,3.7,7.1000000000000005,True
3868,3868,2.7,3.7,3.7,7.1000000000000005,True
3886,3886,2.7,3.9,3.7,7.3,True
4209,4209,2.9,3.9,3.5,7.3,True
4532,4532,3.1,3.9,3.3,7.3,True
4192,4192,2.9,3.7,3.7,7.3,True
4498,4498,3.1,3.5,3.7,7.3,True
4481,4481,3.1,3.3,3.9,7.300000000000002,True
3869,3869,2.7,3.7,3.9,7.300000000000002,True
3563,3563,2.5,3.9,3.9,7.300000000000002,True
4175,4175,2.9,3.5,3.9,7.300000000000002,True
4515,4515,3.1,3.7,3.5,7.300000000000002,True
4533,4533,3.1,3.9,3.5,7.5,True
3887,3887,2.7,3.9,3.9,7.5,True
4499,4499,3.1,3.5,3.9,7.5,True
4210,4210,2.9,3.9,3.7,7.5,True
4193,4193,2.9,3.7,3.9,7.5,True
4516,4516,3.1,3.7,3.7,7.500000000000001,True
4857,4857,3.3,3.9,3.5,7.699999999999998,True
4211,4211,2.9,3.9,3.9,7.699999999999998,True
4823,4823,3.3,3.5,3.9,7.699999999999998,True
4840,4840,3.3,3.7,3.7,7.7,True
4534,4534,3.1,3.9,3.7,7.7,True
4517,4517,3.1,3.7,3.9,7.700000000000001,True
4858,4858,3.3,3.9,3.7,7.899999999999999,True
4841,4841,3.3,3.7,3.9,7.9,True
4535,4535,3.1,3.9,3.9,7.9,True
4859,4859,3.3,3.9,3.9,8.1,True
5165,5165,3.5,3.7,3.9,8.1,True
5182,5182,3.5,3.9,3.7,8.100000000000001,True
5183,5183,3.5,3.9,3.9,8.3,True
5507,5507,3.7,3.9,3.9,8.5,True
5831,5831,3.9,3.9,3.9,8.7,True
